,filename,len_in_sec,sr,num_hops,OVRL_raw,SIG_raw,BAK_raw,OVRL,SIG,BAK,P808_MOS
0,/home/jiahe.wang/workspace/urgent26/local/listening_test/data/C0/S21_P47_11_output.wav,4.99,16000,1,1.0680015,1.1184742,1.0928785,1.160165245298787,1.265672813973305,1.205302417340347,2.421928
1,/home/jiahe.wang/workspace/urgent26/local/listening_test/data/C0/S21_P47_31_output.wav,4.99,16000,1,0.75506496,0.4952922,1.3712196,0.8496975063608948,0.5893164525049653,1.5628901359606304,2.1849113
2,/home/jiahe.wang/workspace/urgent26/local/listening_test/data/C0/S21_P47_30_output.wav,4.58,16000,1,1.0077965,1.0018979,1.0509869,1.1014647663687347,1.1441086677276313,1.1497175427079456,2.4388745
3,/home/jiahe.wang/workspace/urgent26/local/listening_test/data/C0/S21_P47_14_output.wav,4.9,16000,1,1.008909,1.0861584,1.0617211,1.1025538754295494,1.2322029518297,1.1640045193136312,2.2490447
4,/home/jiahe.wang/workspace/urgent26/local/listening_test/data/C0/S21_P47_12_output.wav,4.84,16000,1,1.0293351,1.057763,1.0552993,1.122521489246894,1.2026487634373697,1.155460890086224,2.9966838
5,/home/jiahe.wang/workspace/urgent26/local/listening_test/data/C0/S21_P47_19_output.wav,4.99,16000,1,1.5240358,2.1279306,1.613064,1.5888740179461975,2.2228695380748813,1.857025631094795,2.553747
6,/home/jiahe.wang/workspace/urgent26/local/listening_test/data/C0/S21_P47_32_output.wav,4.99,16000,1,1.0050411,1.0396036,1.0365522,1.0987664812948583,1.1836773254796802,1.1304574557568112,2.2750726
7,/home/jiahe.wang/workspace/urgent26/local/listening_test/data/C0/S21_P47_28_output.wav,4.99,16000,1,1.014742,1.0098518,1.0303965,1.1082617209277714,1.1524754145853184,1.1222272313731223,2.4631693
8,/home/jiahe.wang/workspace/urgent26/local/listening_test/data/C0/S21_P47_24_output.wav,4.99,16000,1,1.0042443,1.0104629,1.0285887,1.097986012141056,1.153117760746059,1.1198082911227367,2.0661464
9,/home/jiahe.wang/workspace/urgent26/local/listening_test/data/C0/S21_P47_1_output.wav,4.99,16000,1,1.5060183,2.0588377,1.4880899,1.5724700898738824,2.162809423977646,1.7069529858943542,2.4523592
10,/home/jiahe.wang/workspace/urgent26/local/listening_test/data/C0/S21_P47_29_output.wav,4.93,16000,1,1.0205089,1.0527176,1.0543482,1.1139002988619122,1.1973832856062194,1.1541946786535269,2.3840072
11,/home/jiahe.wang/workspace/urgent26/local/listening_test/data/C0/S21_P47_21_output.wav,4.99,16000,1,1.0264608,1.0330858,1.054037,1.1197150544011165,1.1768545909666077,1.1537802275662532,2.5525103
12,/home/jiahe.wang/workspace/urgent26/local/listening_test/data/C0/S21_P47_4_output.wav,4.72,16000,1,1.0185968,1.0421947,1.0374784,1.1120312178351688,1.1863877158568965,1.1316949987109595,2.4144123
13,/home/jiahe.wang/workspace/urgent26/local/listening_test/data/C0/S21_P47_18_output.wav,4.78,16000,1,1.086333,1.2216022,1.0989312,1.1779412600374746,1.3713105753667796,1.213295425940146,2.5117311
14,/home/jiahe.wang/workspace/urgent26/local/listening_test/data/C0/S21_P47_17_output.wav,4.83,16000,1,1.0704012,1.249503,1.1364886,1.162494795885893,1.3995834185936131,1.2626765958197255,2.5542867
15,/home/jiahe.wang/workspace/urgent26/local/listening_test/data/C0/S21_P47_15_output.wav,4.99,16000,1,1.0050222,1.0210446,1.0464064,1.0987479163745073,1.1642312054999844,1.1436117679991198,2.4463859
16,/home/jiahe.wang/workspace/urgent26/local/listening_test/data/C0/S21_P47_9_output.wav,4.63,16000,1,1.0182405,1.0286732,1.048281,1.111682866187709,1.1722314216088732,1.1461112206863,2.4807277
17,/home/jiahe.wang/workspace/urgent26/local/listening_test/data/C0/S21_P47_2_output.wav,4.84,16000,1,1.0172098,1.0539457,1.0531365,1.11067512531659,1.1986653386770028,1.1525810170513924,2.8914886
18,/home/jiahe.wang/workspace/urgent26/local/listening_test/data/C0/S21_P46_9_output.wav,4.99,16000,1,1.1722236,1.3189466,1.2587085,1.2606232948082043,1.4693853084327586,1.4208025565711506,2.3520336
19,/home/jiahe.wang/workspace/urgent26/local/listening_test/data/C0/S21_P47_25_output.wav,4.57,16000,1,1.0108284,1.0451154,1.0511448,1.1044325799421104,1.1894414139621488,1.1499279935954552,2.2209508
20,/home/jiahe.wang/workspace/urgent26/local/listening_test/data/C0/S21_P47_5_output.wav,4.99,16000,1,1.9633652,3.00009,1.9368091,1.9752630082600804,2.9120719162654427,2.2266606321993305,2.532763
21,/home/jiahe.wang/workspace/urgent26/local/listening_test/data/C0/S21_P47_16_output.wav,4.99,16000,1,1.0450482,1.1062511,1.0715412,1.137843423581943,1.2530338201936067,1.17704827707622,2.4032307
22,/home/jiahe.wang/workspace/urgent26/local/listening_test/data/C0/S21_P47_26_output.wav,4.99,16000,1,1.0394039,1.0890245,1.0450096,1.1323434570813924,1.2351785400088497,1.141748776081844,2.5964184
23,/home/jiahe.wang/workspace/urgent26/local/listening_test/data/C0/S21_P47_0_output.wav,4.99,16000,1,1.0675626,1.0955126,1.0943565,1.1597390603853042,1.2419092653576507,1.2072551986443796,2.6001492
24,/home/jiahe.wang/workspace/urgent26/local/listening_test/data/C0/S21_P47_13_output.wav,4.99,16000,1,2.594043,3.8209486,2.439868,2.484281526477812,3.4440359467249158,2.746261616902335,2.7063072
25,/home/jiahe.wang/workspace/urgent26/local/listening_test/data/C0/S21_P47_3_output.wav,4.99,16000,1,1.0244447,1.0164566,1.0654932,1.1177459721314624,1.1594149676296173,1.1690179463149761,2.348828
26,/home/jiahe.wang/workspace/urgent26/local/listening_test/data/C0/S21_P46_8_output.wav,4.99,16000,1,1.1319575,1.314093,1.271198,1.221985726443474,1.4645329841651749,1.4367397959604253,2.6727452
27,/home/jiahe.wang/workspace/urgent26/local/listening_test/data/C0/S21_P47_7_output.wav,4.99,16000,1,2.6335227,3.418734,2.8686154,2.5143553227224213,3.197517356045877,3.136504548111924,3.2338786
28,/home/jiahe.wang/workspace/urgent26/local/listening_test/data/C0/S21_P46_6_output.wav,4.59,16000,1,2.4489791,3.2571769,2.5203452,2.3719673385652325,3.0908500679951847,2.8232018337689406,2.8248408
29,/home/jiahe.wang/workspace/urgent26/local/listening_test/data/C0/S21_P46_7_output.wav,4.99,16000,1,0.98624516,1.0680709,1.0941402,1.0803327385092891,1.2133929779297803,1.2069693810466962,2.750204
30,/home/jiahe.wang/workspace/urgent26/local/listening_test/data/C0/S21_P46_39_output.wav,4.77,16000,1,1.0500371,1.0186498,1.0708156,1.1427011503602134,1.1617177223006494,1.1760853168398622,2.310292
31,/home/jiahe.wang/workspace/urgent26/local/listening_test/data/C0/S21_P46_26_output.wav,4.93,16000,1,2.8897629,3.6965287,3.1732523,2.704419784356886,3.370680935439459,3.384366064976608,3.205319
32,/home/jiahe.wang/workspace/urgent26/local/listening_test/data/C0/S21_P46_4_output.wav,4.99,16000,1,1.6873722,2.3949711,1.7054788,1.7355781507157495,2.4474609774774656,1.9653547696895364,2.654374
33,/home/jiahe.wang/workspace/urgent26/local/listening_test/data/C0/S21_P46_23_output.wav,4.99,16000,1,2.3924167,3.5242143,2.4056358,2.327402815397747,3.2647948237725095,2.7130169690835,2.962941
34,/home/jiahe.wang/workspace/urgent26/local/listening_test/data/C0/S21_P46_5_output.wav,4.79,16000,1,1.1906319,1.3534135,1.2181256,1.2782140291187511,1.5037292631882992,1.3687333556501042,2.4004352
35,/home/jiahe.wang/workspace/urgent26/local/listening_test/data/C0/S21_P46_32_output.wav,4.99,16000,1,1.0396426,1.1050854,1.0635298,1.1325760976580994,1.2518270994858045,1.1664089539105478,2.2511597
36,/home/jiahe.wang/workspace/urgent26/local/listening_test/data/C0/S21_P46_34_output.wav,4.99,16000,1,0.99243414,1.0021018,1.0449088,1.0864077361667095,1.144323229470952,1.1416142429951486,2.4618773
37,/home/jiahe.wang/workspace/urgent26/local/listening_test/data/C0/S21_P46_29_output.wav,4.99,16000,1,1.2502624,1.3980175,1.315646,1.3348813153215748,1.5478781070095546,1.4931242526765978,2.614724
38,/home/jiahe.wang/workspace/urgent26/local/listening_test/data/C0/S21_P46_38_output.wav,4.83,16000,1,1.8091283,3.0669863,1.7910879,1.8425873216402457,2.959660054153951,2.063699578949535,2.2679777
39,/home/jiahe.wang/workspace/urgent26/local/listening_test/data/C0/S21_P46_40_output.wav,4.59,16000,1,1.5300955,1.9912075,1.4572695,1.594381106678969,2.103244421985871,1.669310744385937,2.8317375
40,/home/jiahe.wang/workspace/urgent26/local/listening_test/data/C0/S21_P46_30_output.wav,4.85,16000,1,1.050603,1.141748,1.1031957,1.1432519443370404,1.2896689918519708,1.2189211351217504,2.2820687
41,/home/jiahe.wang/workspace/urgent26/local/listening_test/data/C0/S21_P46_20_output.wav,4.99,16000,1,2.8542948,3.545057,3.1637852,2.678641373701362,3.277867696417275,3.377031272642451,2.9984457
42,/home/jiahe.wang/workspace/urgent26/local/listening_test/data/C0/S21_P46_28_output.wav,4.73,16000,1,1.1625305,1.5401076,1.2067354,1.2513423323010044,1.686290470807105,1.3540413934551534,2.362086
43,/home/jiahe.wang/workspace/urgent26/local/listening_test/data/C0/S21_P46_33_output.wav,4.99,16000,1,1.4430511,1.8513156,1.499867,1.5147970444500105,1.9775974420940388,1.721270740307008,2.7409902
44,/home/jiahe.wang/workspace/urgent26/local/listening_test/data/C0/S21_P46_37_output.wav,4.71,16000,1,0.9680563,1.018444,1.0410109,1.0624489108527082,1.1615015996122893,1.136412470999045,2.4759781
45,/home/jiahe.wang/workspace/urgent26/local/listening_test/data/C0/S21_P46_35_output.wav,4.99,16000,1,0.98298323,1.0192815,1.0350935,1.0771288080891195,1.162380812861015,1.1285081462902693,2.2650003
46,/home/jiahe.wang/workspace/urgent26/local/listening_test/data/C0/S21_P46_27_output.wav,4.99,16000,1,1.9225925,2.7568789,1.8921292,1.9405030872162796,2.7327254605665505,2.1772892248124864,2.6484761
47,/home/jiahe.wang/workspace/urgent26/local/listening_test/data/C0/S21_P46_24_output.wav,4.69,16000,1,2.8409278,3.5232875,3.352929,2.6688820415322394,3.2642118705126917,3.5190985131383496,2.6795852
48,/home/jiahe.wang/workspace/urgent26/local/listening_test/data/C0/S21_P46_36_output.wav,4.94,16000,1,1.0628088,1.1512473,1.1073335,1.1551215829318429,1.2994370421192063,1.224375254937862,2.5631905
49,/home/jiahe.wang/workspace/urgent26/local/listening_test/data/C0/S21_P46_19_output.wav,4.99,16000,1,1.1285304,1.3868554,1.2035495,1.2186870497721234,1.5368612094278917,1.3499259027556147,2.6017587
50,/home/jiahe.wang/workspace/urgent26/local/listening_test/data/C0/S21_P46_16_output.wav,4.99,16000,1,1.3573623,2.1258247,1.3429081,1.435450834812672,2.221050754561211,1.527450123640714,2.4103317
51,/home/jiahe.wang/workspace/urgent26/local/listening_test/data/C0/S21_P46_18_output.wav,4.99,16000,1,1.0126147,1.0398219,1.0386773,1.106180618902552,1.1839056871894027,1.1332964611189094,2.5763261
52,/home/jiahe.wang/workspace/urgent26/local/listening_test/data/C0/S21_P46_17_output.wav,4.99,16000,1,0.9983398,1.0258716,1.0305927,1.092199759472207,1.1692945314774743,1.1224897299205872,2.4966118
53,/home/jiahe.wang/workspace/urgent26/local/listening_test/data/C0/S21_P45_6_output.wav,4.99,16000,1,2.6909065,3.590434,2.8552222,2.557691477102091,3.3060764320306255,3.1250466449916003,2.565565
54,/home/jiahe.wang/workspace/urgent26/local/listening_test/data/C0/S21_P46_13_output.wav,4.99,16000,1,0.9929439,1.0293045,1.0510875,1.0869078554916687,1.1728930740119876,1.149851596712128,2.1465073
55,/home/jiahe.wang/workspace/urgent26/local/listening_test/data/C0/S21_P46_11_output.wav,4.99,16000,1,1.2940453,1.5440423,1.3766872,1.376182192729068,1.6900751206754439,1.5697100171666256,2.4004493
56,/home/jiahe.wang/workspace/urgent26/local/listening_test/data/C0/S21_P45_8_output.wav,4.99,16000,1,2.2633336,3.3612115,2.1997082,2.22407904941119,3.160040926786188,2.5065179824679054,2.4956932
57,/home/jiahe.wang/workspace/urgent26/local/listening_test/data/C0/S21_P46_0_output.wav,4.99,16000,1,1.2932333,1.9312333,1.3434391,1.375418535752741,2.049779750953045,1.5281167133868927,2.1684499
58,/home/jiahe.wang/workspace/urgent26/local/listening_test/data/C0/S21_P46_14_output.wav,4.69,16000,1,1.034338,1.0695508,1.0715873,1.1274034300440718,1.2149340159306858,1.177109495587088,2.4570081
59,/home/jiahe.wang/workspace/urgent26/local/listening_test/data/C0/S21_P45_5_output.wav,4.99,16000,1,1.089452,1.1985755,1.1119287,1.1809612080068814,1.3478783592407648,1.2304268394346136,2.4499686
60,/home/jiahe.wang/workspace/urgent26/local/listening_test/data/C0/S21_P45_45_output.wav,4.99,16000,1,1.027316,1.0497763,1.0789535,1.1205501647546614,1.1943117748256484,1.1868770201635794,2.4221048
61,/home/jiahe.wang/workspace/urgent26/local/listening_test/data/C0/S21_P45_9_output.wav,4.99,16000,1,1.039311,1.1751907,1.091604,1.132252932016653,1.3239905943042334,1.2036181757088928,2.4035125
62,/home/jiahe.wang/workspace/urgent26/local/listening_test/data/C0/S21_P46_10_output.wav,4.99,16000,1,0.990312,1.0445732,1.0585109,1.0843252431346342,1.188874656165555,1.1597350137749125,2.253836
63,/home/jiahe.wang/workspace/urgent26/local/listening_test/data/C0/S21_P45_44_output.wav,4.99,16000,1,1.0437646,1.116182,1.0676389,1.136592986258953,1.2633044596759408,1.1718679848637727,2.3454018
64,/home/jiahe.wang/workspace/urgent26/local/listening_test/data/C0/S21_P45_41_output.wav,4.99,16000,1,0.9695388,1.044504,1.055165,1.063908213724002,1.1888023747970533,1.1552821938090154,2.3301446
65,/home/jiahe.wang/workspace/urgent26/local/listening_test/data/C0/S21_P45_43_output.wav,4.99,16000,1,1.0051672,1.0330837,1.0307536,1.0988900126714467,1.1768523436240694,1.1227050158150058,2.3554685
66,/home/jiahe.wang/workspace/urgent26/local/listening_test/data/C0/S21_P45_40_output.wav,4.8,16000,1,1.674812,2.2536721,1.6217394,1.724425029675679,2.3301149716042464,1.8672905689374126,2.4012907
67,/home/jiahe.wang/workspace/urgent26/local/listening_test/data/C0/S21_P45_3_output.wav,4.99,16000,1,1.7586939,2.5457869,1.7943819,1.7985048880977108,2.5690109635292013,2.067445045634091,2.9906883
68,/home/jiahe.wang/workspace/urgent26/local/listening_test/data/C0/S21_P45_36_output.wav,4.99,16000,1,1.0531027,1.1105641,1.0936172,1.145684456990315,1.2574964187375934,1.2062784861692244,2.3417015
69,/home/jiahe.wang/workspace/urgent26/local/listening_test/data/C0/S21_P45_32_output.wav,4.54,16000,1,1.0321496,1.0431002,1.0528388,1.125268295783827,1.1873346401365128,1.1521845670389548,2.5297875
70,/home/jiahe.wang/workspace/urgent26/local/listening_test/data/C0/S21_P45_34_output.wav,4.93,16000,1,1.066758,1.0669665,1.1221046,1.158957808016452,1.2122427321549276,1.2438082301213518,2.5266566
71,/home/jiahe.wang/workspace/urgent26/local/listening_test/data/C0/S21_P45_30_output.wav,4.99,16000,1,1.012659,1.0355936,1.038252,1.1062238915329443,1.1794805815678668,1.1327283411840625,2.2454617
72,/home/jiahe.wang/workspace/urgent26/local/listening_test/data/C0/S21_P45_2_output.wav,4.99,16000,1,1.0406405,1.1351388,1.0705118,1.1335487585541304,1.2828638737045572,1.1756821833956472,2.4646149
73,/home/jiahe.wang/workspace/urgent26/local/listening_test/data/C0/S21_P45_29_output.wav,4.99,16000,1,1.0242304,1.0325562,1.0540863,1.117536596719147,1.17629984845563,1.1538459446071532,2.234251
74,/home/jiahe.wang/workspace/urgent26/local/listening_test/data/C0/S21_P47_20_output.wav,4.43,16000,8,1.0231094,1.018179,1.099172,1.1164368412279477,1.1611859856190583,1.2135783052333864,2.3623662
75,/home/jiahe.wang/workspace/urgent26/local/listening_test/data/C0/S21_P47_23_output.wav,4.36,16000,8,1.023949,1.058542,1.0295945,1.1172615004519668,1.2034601016570345,1.1211496641430305,2.1585536
76,/home/jiahe.wang/workspace/urgent26/local/listening_test/data/C0/S21_P45_25_output.wav,4.66,16000,1,1.0248904,1.0481334,1.0539172,1.118181355265118,1.1925954385094215,1.1536206944000118,2.1836443
77,/home/jiahe.wang/workspace/urgent26/local/listening_test/data/C0/S21_P47_8_output.wav,4.03,16000,7,1.3827269,1.5071163,1.9601353,1.4584966137336675,1.652118375090809,2.2501755334578544,2.4332986
78,/home/jiahe.wang/workspace/urgent26/local/listening_test/data/C0/S21_P45_23_output.wav,4.99,16000,1,1.0130568,1.0301093,1.0184581,1.10661310003305,1.1737364088655644,1.106237209516588,1.9982998
79,/home/jiahe.wang/workspace/urgent26/local/listening_test/data/C0/S21_P47_6_output.wav,4.43,16000,8,1.1808195,1.3303086,1.3799299,1.2685388826395625,1.4797353654271537,1.5721108244190578,2.4658973
80,/home/jiahe.wang/workspace/urgent26/local/listening_test/data/C0/S21_P47_27_output.wav,4.16,16000,7,1.0387356,1.0904442,1.0785286,1.1316893341158896,1.2366385061581895,1.1863043577304393,2.4288254
81,/home/jiahe.wang/workspace/urgent26/local/listening_test/data/C0/S21_P45_21_output.wav,4.87,16000,1,1.124005,0.90138984,1.5617031,1.2143288331210174,1.0374680559695724,1.7958476801067265,2.2969682
82,/home/jiahe.wang/workspace/urgent26/local/listening_test/data/C0/S21_P45_22_output.wav,4.99,16000,1,1.5227215,1.8594726,1.5326251,1.5876789245734169,1.9850140799795017,1.760903813116857,2.4308608
83,/home/jiahe.wang/workspace/urgent26/local/listening_test/data/C0/S21_P45_24_output.wav,4.75,16000,1,1.0140985,1.0198197,1.0103059,1.1076322652902741,1.1629457446759952,1.0952966497303578,2.1389344
84,/home/jiahe.wang/workspace/urgent26/local/listening_test/data/C0/S21_P45_20_output.wav,4.99,16000,1,1.3266114,1.7271754,1.3055875,1.4067338443522877,1.8633457341317952,1.4804100769001065,2.7884436
85,/home/jiahe.wang/workspace/urgent26/local/listening_test/data/C0/S21_P46_25_output.wav,4.0,16000,7,2.8982887,3.7741401,3.0699499,2.7105217544721234,3.4165990442814613,3.302255881322073,2.846204
86,/home/jiahe.wang/workspace/urgent26/local/listening_test/data/C0/S21_P47_22_output.wav,4.0,16000,7,1.0170728,1.0494344,1.0466511,1.1105408511961283,1.1939538378487085,1.143935731986463,2.4585705
87,/home/jiahe.wang/workspace/urgent26/local/listening_test/data/C0/S21_P45_16_output.wav,4.99,16000,1,1.0294425,1.0669098,1.0851434,1.1226263364303117,1.2121836250475995,1.1950738094195368,2.4404995
88,/home/jiahe.wang/workspace/urgent26/local/listening_test/data/C0/S21_P45_1_output.wav,4.67,16000,1,1.5159907,2.111885,1.4312057,1.5815548649995177,2.208993161653453,1.6372826913809007,2.4024155
89,/home/jiahe.wang/workspace/urgent26/local/listening_test/data/C0/S21_P45_15_output.wav,4.99,16000,1,2.2466402,3.1052856,2.5297725,2.210552306559047,2.986566733305189,2.832103210151168,2.7043252
90,/home/jiahe.wang/workspace/urgent26/local/listening_test/data/C0/S21_P45_17_output.wav,4.99,16000,1,2.449497,3.610333,2.5267832,2.372373339482731,3.31833755393312,2.8292832192334454,2.5454443
91,/home/jiahe.wang/workspace/urgent26/local/listening_test/data/C0/S21_P47_10_output.wav,4.14,16000,7,1.0726141,1.0756742,1.0938691,1.1646400387510958,1.2212999092268593,1.206602728064856,2.820697
92,/home/jiahe.wang/workspace/urgent26/local/listening_test/data/C0/S21_P45_12_output.wav,4.99,16000,1,1.0191405,1.0676209,1.0703263,1.1125627443972719,1.2129242874364226,1.17543598791509,2.3016133
93,/home/jiahe.wang/workspace/urgent26/local/listening_test/data/C0/S21_P46_3_output.wav,4.0,16000,7,1.113719,1.2956667,1.164069,1.2042472353590448,1.4446761509464618,1.2985671532444363,2.650866
94,/home/jiahe.wang/workspace/urgent26/local/listening_test/data/C0/S21_P46_22_output.wav,4.33,16000,8,1.4719439,1.824507,1.6009446,1.540895606514287,1.95216780938517,1.8416213179036658,2.3904297
95,/home/jiahe.wang/workspace/urgent26/local/listening_test/data/C0/S21_P46_31_output.wav,4.24,16000,7,1.0028276,1.0540683,1.0687952,1.0965975997726711,1.1987897410978707,1.1734014933943524,2.2721457
96,/home/jiahe.wang/workspace/urgent26/local/listening_test/data/C0/S21_P45_11_output.wav,4.58,16000,1,1.0776377,1.1936595,1.1594236,1.1695150671374968,1.3428642993663413,1.2926493572293476,2.5329628
97,/home/jiahe.wang/workspace/urgent26/local/listening_test/data/C0/S21_P46_1_output.wav,4.0,16000,7,2.1153615,3.2965333,2.1160214,2.102805847594389,3.116958951046803,2.4192561945797815,2.2461479
98,/home/jiahe.wang/workspace/urgent26/local/listening_test/data/C0/S21_P45_0_output.wav,4.99,16000,1,1.0663828,1.1239461,1.0887995,1.1585933711159109,1.2713226777969981,1.199910424160555,2.9283807
99,/home/jiahe.wang/workspace/urgent26/local/listening_test/data/C0/S21_P45_10_output.wav,4.64,16000,1,2.3751135,3.161945,2.586836,2.3136834300483677,3.025920283198753,2.885483735873748,2.325612
100,/home/jiahe.wang/workspace/urgent26/local/listening_test/data/C0/S01_P04_9_output.wav,4.99,16000,1,0.9957267,1.0265994,1.0530655,1.089637540837432,1.1700575923103078,1.15248655070381,2.8763454
101,/home/jiahe.wang/workspace/urgent26/local/listening_test/data/C0/S01_P04_66_output.wav,4.99,16000,1,0.98609734,1.0434718,1.0346111,1.0801875782034795,1.1877231683479503,1.1278632979626042,2.2538493
102,/home/jiahe.wang/workspace/urgent26/local/listening_test/data/C0/S01_P04_6_output.wav,4.7,16000,1,2.458052,3.536469,2.4716768,2.3790753275283336,3.2724899799887432,2.7768762873637645,2.870569
103,/home/jiahe.wang/workspace/urgent26/local/listening_test/data/C0/S01_P04_7_output.wav,4.99,16000,1,2.2995803,3.3657472,2.156747,2.2533202307138054,3.163016139585573,2.4620297853546265,2.7377727
104,/home/jiahe.wang/workspace/urgent26/local/listening_test/data/C0/S01_P04_8_output.wav,4.71,16000,1,0.99160886,1.0289526,1.0429422,1.0855979501845374,1.1725242760203196,1.138990312461084,2.7203426
105,/home/jiahe.wang/workspace/urgent26/local/listening_test/data/C0/S01_P04_65_output.wav,4.99,16000,1,3.0348277,3.9065633,3.1054668,2.8080816783577225,3.4930023111750415,3.331327759143282,3.1780815
106,/home/jiahe.wang/workspace/urgent26/local/listening_test/data/C0/S21_P46_21_output.wav,4.0,16000,7,1.1689755,1.4255173,1.3167751,1.2570435388186003,1.5726721118565732,1.4938647313151978,2.9031222
107,/home/jiahe.wang/workspace/urgent26/local/listening_test/data/C0/S01_P04_61_output.wav,4.61,16000,1,1.0392574,1.105429,1.0640814,1.132200638443621,1.2521828830837571,1.1671420138120243,2.8726199
108,/home/jiahe.wang/workspace/urgent26/local/listening_test/data/C0/S21_P45_7_output.wav,4.16,16000,7,1.0328128,1.09019,1.1099548,1.1259140728597834,1.2363836136173725,1.2278216884907145,2.529396
109,/home/jiahe.wang/workspace/urgent26/local/listening_test/data/C0/S01_P04_60_output.wav,4.99,16000,1,2.550228,3.4911184,2.6701765,2.450658467608241,3.2438867758488286,2.9619044031868076,3.106396
110,/home/jiahe.wang/workspace/urgent26/local/listening_test/data/C0/S21_P46_2_output.wav,4.39,16000,8,2.4754853,3.612249,2.4355464,2.3926741787967587,3.3193734117783795,2.7419694032358026,2.4777176
111,/home/jiahe.wang/workspace/urgent26/local/listening_test/data/C0/S01_P04_62_output.wav,4.99,16000,1,2.0399652,2.9994097,1.9804378,2.0399584129885677,2.911584176458367,2.274363181866798,2.443223
112,/home/jiahe.wang/workspace/urgent26/local/listening_test/data/C0/S01_P04_63_output.wav,4.99,16000,1,1.2075301,1.0925378,1.6221929,1.2943214347556984,1.238824021444446,1.8678265867051869,2.7105417
113,/home/jiahe.wang/workspace/urgent26/local/listening_test/data/C0/S21_P45_4_output.wav,4.0,16000,7,0.8347386,1.0963367,1.2815892,0.929435327969047,1.2413847034968095,1.4497999475145136,2.245344
114,/home/jiahe.wang/workspace/urgent26/local/listening_test/data/C0/S21_P46_15_output.wav,4.44,16000,8,1.0326602,1.1418116,1.076796,1.1257664203818127,1.2897264750326003,1.1839978971276366,2.2975922
115,/home/jiahe.wang/workspace/urgent26/local/listening_test/data/C0/S01_P04_58_output.wav,4.99,16000,1,1.0012276,1.0575696,1.0620646,1.0950303336109983,1.2024470511538996,1.1644612903002172,2.2133863
116,/home/jiahe.wang/workspace/urgent26/local/listening_test/data/C0/S01_P04_5_output.wav,4.99,16000,1,1.0140775,1.0853941,1.1312851,1.1076117411546433,1.231409286418297,1.2558571162610215,2.9689636
117,/home/jiahe.wang/workspace/urgent26/local/listening_test/data/C0/S21_P45_42_output.wav,4.38,16000,8,1.0272325,1.0662167,1.0591047,1.1204683052864757,1.2114610528086305,1.1605175776804266,2.268591
118,/home/jiahe.wang/workspace/urgent26/local/listening_test/data/C0/S01_P04_59_output.wav,4.83,16000,1,0.98647165,1.0369866,1.0688499,1.080555155821926,1.180938731565726,1.1734760690720687,2.5470512
119,/home/jiahe.wang/workspace/urgent26/local/listening_test/data/C0/S01_P04_55_output.wav,4.99,16000,1,1.0144132,1.05831,1.0668249,1.1079401201763666,1.2032194184932263,1.1707869528970054,2.5612261
120,/home/jiahe.wang/workspace/urgent26/local/listening_test/data/C0/S21_P45_38_output.wav,4.08,16000,7,0.9967523,1.0281861,1.0225016,1.090642175437276,1.1717173499027065,1.1116551069748475,2.211492
121,/home/jiahe.wang/workspace/urgent26/local/listening_test/data/C0/S21_P45_39_output.wav,4.0,16000,7,1.0305611,1.0959849,1.0784547,1.1237148439528826,1.2423972687852751,1.1862035214677624,2.3386798
122,/home/jiahe.wang/workspace/urgent26/local/listening_test/data/C0/S01_P04_57_output.wav,4.99,16000,1,1.0191884,1.0528337,1.0552971,1.112609590467895,1.1975045078333997,1.1554580335223077,2.150753
123,/home/jiahe.wang/workspace/urgent26/local/listening_test/data/C0/S01_P04_56_output.wav,4.99,16000,1,0.9925126,1.0271204,1.0495455,1.086484697884206,1.1706037417536732,1.1477968152769418,2.094714
124,/home/jiahe.wang/workspace/urgent26/local/listening_test/data/C0/S01_P04_54_output.wav,4.99,16000,1,0.9971987,1.0417532,1.0493151,1.0910810064812053,1.1859259218958627,1.147489695980028,2.1562479
125,/home/jiahe.wang/workspace/urgent26/local/listening_test/data/C0/S01_P04_49_output.wav,4.97,16000,1,2.3561757,3.0899463,2.5308237,2.2986215658453166,2.9758198343030804,2.8330943034863787,3.040202
126,/home/jiahe.wang/workspace/urgent26/local/listening_test/data/C0/S01_P04_48_output.wav,4.99,16000,1,1.0004698,1.0527447,1.0633745,1.0942876581117995,1.1974116622648334,1.1662025039542259,2.6270661
127,/home/jiahe.wang/workspace/urgent26/local/listening_test/data/C0/S01_P04_53_output.wav,4.99,16000,1,1.0422468,1.180186,1.1078471,1.1351141911331954,1.3291010930853568,1.2250518540185729,2.5382242
128,/home/jiahe.wang/workspace/urgent26/local/listening_test/data/C0/S21_P45_35_output.wav,4.0,16000,7,0.99595135,1.0297233,1.0456005,1.0898578461070358,1.173331469052633,1.1425229457705937,2.636484
129,/home/jiahe.wang/workspace/urgent26/local/listening_test/data/C0/S21_P45_37_output.wav,4.16,16000,7,1.0019333,1.0607761,1.06721,1.095721587220758,1.2057895299673014,1.171295381395012,2.6363065
130,/home/jiahe.wang/workspace/urgent26/local/listening_test/data/C0/S21_P45_28_output.wav,4.0,16000,7,0.9902132,1.0329449,1.0343473,1.0842283018479273,1.1767061287454437,1.1275056965635641,2.2768197
131,/home/jiahe.wang/workspace/urgent26/local/listening_test/data/C0/S01_P04_43_output.wav,4.99,16000,1,1.0286379,1.0692667,1.0514935,1.1218408173488927,1.214638225738507,1.1503925505961097,2.6708555
132,/home/jiahe.wang/workspace/urgent26/local/listening_test/data/C0/S01_P04_4_output.wav,4.99,16000,1,1.0459435,1.0789131,1.0754626,1.1387153926601452,1.224674847673363,1.1822498496087692,2.6864455
133,/home/jiahe.wang/workspace/urgent26/local/listening_test/data/C0/S21_P46_12_output.wav,4.34,16000,8,1.0693033,1.1378703,1.0588138,1.1613468455255447,1.2849488509852816,1.1600550884778287,2.4031777
134,/home/jiahe.wang/workspace/urgent26/local/listening_test/data/C0/S01_P04_45_output.wav,4.99,16000,1,1.2896837,1.6068625,1.3400534,1.3720794597034252,1.7501468884262,1.5238649209550095,2.8861313
135,/home/jiahe.wang/workspace/urgent26/local/listening_test/data/C0/S01_P04_41_output.wav,4.99,16000,1,1.7466211,2.1932483,1.9309453,1.7879015258312698,2.2789106363713496,2.2202110996577513,2.5314636
136,/home/jiahe.wang/workspace/urgent26/local/listening_test/data/C0/S01_P04_44_output.wav,4.99,16000,1,1.0661843,1.1820687,1.1034806,1.1584006100942166,1.3310260773870068,1.2192968190105788,2.5549676
137,/home/jiahe.wang/workspace/urgent26/local/listening_test/data/C0/S01_P04_3_output.wav,4.99,16000,1,1.0863713,1.3017564,1.0633904,1.1779783190497886,1.4521818227919883,1.1662235770344869,2.5808575
138,/home/jiahe.wang/workspace/urgent26/local/listening_test/data/C0/S01_P04_39_output.wav,4.99,16000,1,1.3112196,1.4460263,1.4436469,1.3923119864512499,1.5950235768695225,1.6525931105989848,2.4747412
139,/home/jiahe.wang/workspace/urgent26/local/listening_test/data/C0/S21_P45_33_output.wav,4.05,16000,7,1.0168678,1.0292971,1.0573393,1.110336789026819,1.1728811547266107,1.1581628807619302,2.4236934
140,/home/jiahe.wang/workspace/urgent26/local/listening_test/data/C0/S01_P04_34_output.wav,4.99,16000,1,2.2419043,3.045489,2.5254016,2.2067078684306884,2.9444495036838605,2.827979038583617,2.8855424
141,/home/jiahe.wang/workspace/urgent26/local/listening_test/data/C0/S01_P04_42_output.wav,4.99,16000,1,1.8769509,2.3432314,2.5114305,1.9013253435552144,2.404881306482114,2.8147629306276123,2.3323526
142,/home/jiahe.wang/workspace/urgent26/local/listening_test/data/C0/S01_P04_35_output.wav,4.94,16000,1,1.2266905,1.5415487,1.2428148,1.3125383367936025,1.6876769219424663,1.4004620823388236,2.8073773
143,/home/jiahe.wang/workspace/urgent26/local/listening_test/data/C0/S01_P04_32_output.wav,4.99,16000,1,2.887959,3.7146182,3.1366124,2.703112827034553,3.3815076099164854,3.35584765798949,2.8372345
144,/home/jiahe.wang/workspace/urgent26/local/listening_test/data/C0/S01_P04_37_output.wav,4.61,16000,1,1.0973114,1.2486353,1.1045882,1.1885651447499368,1.3987060937488782,1.2207570674096335,2.771626
145,/home/jiahe.wang/workspace/urgent26/local/listening_test/data/C0/S21_P45_27_output.wav,4.31,16000,8,0.97904557,1.0367061,1.0558716,1.0732587005161016,1.1806446823602905,1.1562051043574255,2.1836896
146,/home/jiahe.wang/workspace/urgent26/local/listening_test/data/C0/S01_P04_30_output.wav,4.99,16000,1,1.526244,2.0932918,1.8404771,1.5908814652918226,2.1928593895322157,2.1195583707491195,2.6824994
147,/home/jiahe.wang/workspace/urgent26/local/listening_test/data/C0/S01_P04_29_output.wav,4.99,16000,1,0.9826112,1.0144228,1.0491971,1.0767632790877022,1.1572788343898244,1.1473323971852067,2.6931987
148,/home/jiahe.wang/workspace/urgent26/local/listening_test/data/C0/S01_P04_2_output.wav,4.88,16000,1,1.0434247,1.0727534,1.0917842,1.1362618756694274,1.2182678240374638,1.2038563995399953,2.6486323
149,/home/jiahe.wang/workspace/urgent26/local/listening_test/data/C0/S21_P45_31_output.wav,4.0,16000,7,1.2186741,1.5947832,1.1956259,1.3041941451645775,1.7361495594903251,1.339039152436351,2.406416
150,/home/jiahe.wang/workspace/urgent26/local/listening_test/data/C0/S01_P04_25_output.wav,4.6,16000,1,1.4794468,1.9168459,1.4972224,1.5481980851976949,2.036864128782738,1.7180588639074934,2.6119363
151,/home/jiahe.wang/workspace/urgent26/local/listening_test/data/C0/S01_P04_22_output.wav,4.64,16000,1,1.583736,2.184909,1.7605406,1.6429136245744638,2.2717957137330975,2.028829385468481,2.6339355
152,/home/jiahe.wang/workspace/urgent26/local/listening_test/data/C0/S01_P04_36_output.wav,4.99,16000,1,1.0673599,1.1050707,1.1074417,1.1595422796287609,1.2518119199316668,1.2245177108875978,2.7478585
153,/home/jiahe.wang/workspace/urgent26/local/listening_test/data/C0/S01_P04_23_output.wav,4.8,16000,1,1.0434018,1.0801362,1.0882462,1.1362395765340887,1.2259462936064658,1.1991787473186417,2.514691
154,/home/jiahe.wang/workspace/urgent26/local/listening_test/data/C0/S01_P04_28_output.wav,4.99,16000,1,1.0774678,1.1091845,1.0911974,1.1693503505472833,1.2560692944188039,1.2030807226692866,2.5351026
155,/home/jiahe.wang/workspace/urgent26/local/listening_test/data/C0/S01_P04_20_output.wav,4.99,16000,1,1.3354884,1.7914251,1.3501194,1.4150368892749319,1.9228007131722573,1.536497069286517,2.4963112
156,/home/jiahe.wang/workspace/urgent26/local/listening_test/data/C0/S01_P04_17_output.wav,4.67,16000,1,0.9945121,1.0239089,1.0252694,1.0884462387742435,1.167236136076857,1.1153647069897754,2.6830754
157,/home/jiahe.wang/workspace/urgent26/local/listening_test/data/C0/S01_P04_18_output.wav,4.92,16000,1,2.2456193,3.0194414,2.439551,2.2097238336204663,2.9259152460540063,2.745955313954582,2.5170367
158,/home/jiahe.wang/workspace/urgent26/local/listening_test/data/C0/S01_P04_1_output.wav,4.84,16000,1,1.0589848,1.1091053,1.069533,1.151405048781831,1.2559874035727094,1.1743829094971612,2.4243028
159,/home/jiahe.wang/workspace/urgent26/local/listening_test/data/C0/S01_P04_19_output.wav,4.99,16000,1,0.98084116,1.0400679,1.0276483,1.0750240367655166,1.184163098987992,1.118549751025074,2.5207968
160,/home/jiahe.wang/workspace/urgent26/local/listening_test/data/C0/S21_P45_13_output.wav,4.23,16000,7,1.0399255,1.0719627,1.0571182,1.1328498838701437,1.217427172076577,1.1578627326261406,2.1801665
161,/home/jiahe.wang/workspace/urgent26/local/listening_test/data/C0/S01_P04_11_output.wav,4.99,16000,1,2.2243092,3.1247952,2.2645113,2.1923983744344886,3.0001782041776375,2.5727050640711977,2.9166336
162,/home/jiahe.wang/workspace/urgent26/local/listening_test/data/C0/S01_P04_16_output.wav,4.99,16000,1,1.0415393,1.0779778,1.0631133,1.134424746788898,1.2237023813867363,1.1658553431570975,2.7686608
163,/home/jiahe.wang/workspace/urgent26/local/listening_test/data/C0/S01_P04_13_output.wav,4.99,16000,1,1.056753,1.1603966,1.0882466,1.1492351326653423,1.30883086472175,1.199179220309668,3.0462847
164,/home/jiahe.wang/workspace/urgent26/local/listening_test/data/C0/S01_P03_8_output.wav,4.99,16000,1,1.0140556,1.0656348,1.0323743,1.1075902840400638,1.2108554351805172,1.1248726443367654,2.546259
165,/home/jiahe.wang/workspace/urgent26/local/listening_test/data/C0/S01_P04_0_output.wav,4.55,16000,1,0.9930477,1.030615,1.0310297,1.0870097230079698,1.174266263816332,1.123074334840484,2.5404582
166,/home/jiahe.wang/workspace/urgent26/local/listening_test/data/C0/S21_P45_19_output.wav,4.0,16000,7,1.2141666,1.5775354,1.2628406,1.2995281032544548,1.713011882029106,1.4248480055380914,2.3725703
167,/home/jiahe.wang/workspace/urgent26/local/listening_test/data/C0/S21_P45_18_output.wav,4.5,16000,9,1.7520142,2.343923,1.7461224,1.7923056464777893,2.404567311386356,2.011632312539163,2.9612858
168,/home/jiahe.wang/workspace/urgent26/local/listening_test/data/C0/S01_P03_9_output.wav,4.88,16000,1,0.98506105,1.0380754,1.0483754,1.0791698511936816,1.1820783199678278,1.1462370827928874,2.2533224
169,/home/jiahe.wang/workspace/urgent26/local/listening_test/data/C0/S01_P03_7_output.wav,4.55,16000,1,2.4881027,3.4323702,2.751399,2.402538772242938,3.2063199200064663,3.034623129722083,2.6084661
170,/home/jiahe.wang/workspace/urgent26/local/listening_test/data/C0/S01_P04_12_output.wav,4.89,16000,1,0.99766064,1.0936409,1.129293,1.091533928652624,1.23996828808582,1.2532444540024976,2.6613088
171,/home/jiahe.wang/workspace/urgent26/local/listening_test/data/C0/S01_P03_4_output.wav,4.99,16000,1,1.021977,1.0386689,1.050171,1.1153349838485784,1.1826993080735468,1.1486303997002103,2.3815217
172,/home/jiahe.wang/workspace/urgent26/local/listening_test/data/C0/S01_P04_10_output.wav,4.78,16000,1,1.0337368,1.1050508,1.0608702,1.12681696655235,1.2517913102353297,1.1628730769142228,3.0940337
173,/home/jiahe.wang/workspace/urgent26/local/listening_test/data/C0/S21_P45_26_output.wav,4.37,16000,8,1.0441217,1.148059,1.1376381,1.136799798109454,1.2951297670023532,1.2639416784319473,2.275263
174,/home/jiahe.wang/workspace/urgent26/local/listening_test/data/C0/S01_P04_15_output.wav,4.99,16000,1,1.0262592,1.0747422,1.0545558,1.1195181942093366,1.2203371543528831,1.1544710181120594,2.4463682
175,/home/jiahe.wang/workspace/urgent26/local/listening_test/data/C0/S01_P03_2_output.wav,4.99,16000,1,0.9883723,0.99692667,1.0062603,1.0824213146956059,1.1388739612776593,1.089860827787954,2.3457043
176,/home/jiahe.wang/workspace/urgent26/local/listening_test/data/C0/S01_P04_14_output.wav,4.99,16000,1,1.158919,1.5184672,1.2173982,1.2478810490735237,1.665429051830722,1.3677961013493305,2.7656934
177,/home/jiahe.wang/workspace/urgent26/local/listening_test/data/C0/S01_P03_3_output.wav,4.99,16000,1,0.99957037,1.0560747,1.0443921,1.093406090109496,1.200887362019492,1.1409249972082844,2.3702993
178,/home/jiahe.wang/workspace/urgent26/local/listening_test/data/C0/S01_P03_15_output.wav,4.99,16000,1,0.9705924,1.0901219,1.0597533,1.0649451283650992,1.2363173957396694,1.1613877099463727,2.591053
179,/home/jiahe.wang/workspace/urgent26/local/listening_test/data/C0/S01_P03_16_output.wav,4.71,16000,1,1.058804,1.0990334,1.0872874,1.1512293571353656,1.245558701156315,1.1979105372887542,2.423628
180,/home/jiahe.wang/workspace/urgent26/local/listening_test/data/C0/S01_P03_1_output.wav,4.96,16000,1,1.0226165,0.95969105,1.1449305,1.1159599096913986,1.0995331572028761,1.273725077085876,2.3075516
181,/home/jiahe.wang/workspace/urgent26/local/listening_test/data/C0/S21_P45_14_output.wav,4.38,16000,8,1.0789669,1.2008127,1.1361684,1.1707986484620878,1.3501412793599685,1.2622535826446994,2.6413207
182,/home/jiahe.wang/workspace/urgent26/local/listening_test/data/C0/S01_P03_14_output.wav,4.68,16000,1,0.98686635,1.1059295,1.1310909,1.0809427306644703,1.2527009119689654,1.2556024780826482,2.7785382
183,/home/jiahe.wang/workspace/urgent26/local/listening_test/data/C0/S01_P03_10_output.wav,4.83,16000,1,1.0143046,1.1349475,1.1568607,1.1078338884328753,1.282666884719743,1.2893069187329513,2.5344245
184,/home/jiahe.wang/workspace/urgent26/local/listening_test/data/C0/S01_P02_8_output.wav,4.99,16000,1,2.6949604,3.8618891,2.6925693,2.560736073241953,3.4676050082853607,2.982126140317446,2.6304507
185,/home/jiahe.wang/workspace/urgent26/local/listening_test/data/C0/S01_P02_9_output.wav,4.99,16000,1,1.1197028,1.2205923,1.1145666,1.2101830760413035,1.370284715905593,1.2338982541680692,2.6102924
186,/home/jiahe.wang/workspace/urgent26/local/listening_test/data/C0/S01_P03_12_output.wav,4.99,16000,1,1.0167534,1.0578973,1.0397935,1.1102289040547655,1.202788913712849,1.1347870717256552,2.5133343
187,/home/jiahe.wang/workspace/urgent26/local/listening_test/data/C0/S01_P02_5_output.wav,4.99,16000,1,0.9510442,1.0114225,1.0404546,1.0456815464923723,1.15412639082508,1.1356698526538627,2.6118996
188,/home/jiahe.wang/workspace/urgent26/local/listening_test/data/C0/S01_P02_7_output.wav,4.81,16000,1,1.0147948,1.0667182,1.0555286,1.108313376247677,1.211984072478555,1.1557662180380013,2.5298147
189,/home/jiahe.wang/workspace/urgent26/local/listening_test/data/C0/S01_P02_4_output.wav,4.99,16000,1,0.9803355,1.0101067,1.0385121,1.0745270659894768,1.152743337950332,1.1330757789330237,2.5721946
190,/home/jiahe.wang/workspace/urgent26/local/listening_test/data/C0/S01_P04_64_output.wav,4.27,16000,8,1.0622952,1.1083502,1.0939182,1.1546179940095271,1.2551628919657045,1.2066500570479681,2.852301
191,/home/jiahe.wang/workspace/urgent26/local/listening_test/data/C0/S01_P03_0_output.wav,4.93,16000,1,1.2123944,1.4487877,1.3024598,1.298950834186364,1.5977235114104036,1.476451177836736,2.2313194
192,/home/jiahe.wang/workspace/urgent26/local/listening_test/data/C0/S01_P02_14_output.wav,4.99,16000,1,1.0333424,1.0831568,1.0449412,1.1264321278240141,1.2290852920783766,1.1416574974239047,2.3521569
193,/home/jiahe.wang/workspace/urgent26/local/listening_test/data/C0/S01_P02_3_output.wav,4.99,16000,1,1.0053842,1.0555863,1.031285,1.099102509624876,1.200377707603479,1.123415889232337,2.5493693
194,/home/jiahe.wang/workspace/urgent26/local/listening_test/data/C0/S01_P02_16_output.wav,4.99,16000,1,1.0036935,1.0364646,1.0492861,1.09744638262166,1.1803923222605894,1.1474510866154934,2.411312
195,/home/jiahe.wang/workspace/urgent26/local/listening_test/data/C0/S01_P04_52_output.wav,4.07,16000,7,1.0053715,1.0648729,1.0400428,1.0990893212848019,1.210060963769225,1.1351151178289791,2.3495734
196,/home/jiahe.wang/workspace/urgent26/local/listening_test/data/C0/S01_P02_11_output.wav,4.99,16000,1,0.99160695,1.0413165,1.0478193,1.0855960785516068,1.1854692073827877,1.1454957021083936,2.4564388
197,/home/jiahe.wang/workspace/urgent26/local/listening_test/data/C0/S01_P04_50_output.wav,4.0,16000,7,1.0135771,1.0616598,1.0332483,1.1071213849392096,1.206712031936395,1.12603963993683,2.225553
198,/home/jiahe.wang/workspace/urgent26/local/listening_test/data/C0/S01_P04_47_output.wav,4.3,16000,8,1.0127264,1.0531846,1.0789146,1.1062886155017684,1.1978678910110414,1.186811327202127,2.4005947
199,/home/jiahe.wang/workspace/urgent26/local/listening_test/data/C0/S01_P01_6_output.wav,4.77,16000,1,2.1877284,3.3610854,2.1041987,2.1625142842491543,3.1599581457286243,2.4069526854652574,2.6978014
200,/home/jiahe.wang/workspace/urgent26/local/listening_test/data/C0/S01_P01_7_output.wav,4.71,16000,1,1.0145462,1.0434872,1.0779345,1.1080701381952336,1.1877392474566304,1.1855266806752294,2.2973654
201,/home/jiahe.wang/workspace/urgent26/local/listening_test/data/C0/S01_P01_5_output.wav,4.6,16000,1,1.0359633,1.0991497,1.0676357,1.1289887182585694,1.2456792672788262,1.1718637104763863,2.3767676
202,/home/jiahe.wang/workspace/urgent26/local/listening_test/data/C0/S01_P02_12_output.wav,4.99,16000,1,1.7943616,2.0693693,2.1676748,1.829716046446305,2.172016020402478,2.4733919836049902,2.636944
203,/home/jiahe.wang/workspace/urgent26/local/listening_test/data/C0/S01_P01_3_output.wav,4.78,16000,1,2.0145178,3.0432012,1.9315084,2.018553946953236,2.942826137215387,2.2208308911708614,2.8724613
204,/home/jiahe.wang/workspace/urgent26/local/listening_test/data/C0/S01_P04_40_output.wav,4.3,16000,8,1.0615588,1.1300194,1.1000711,1.1539028128548934,1.2775694111996054,1.2147917128151242,2.5382235
205,/home/jiahe.wang/workspace/urgent26/local/listening_test/data/C0/S01_P01_2_output.wav,4.99,16000,1,0.9792278,1.038507,1.0114937,1.0734383424150848,1.18252990818505,1.0968918040710722,2.5438077
206,/home/jiahe.wang/workspace/urgent26/local/listening_test/data/C0/S01_P04_38_output.wav,4.1,16000,7,1.081251,1.1912605,1.1215315,1.173015535418795,1.3403910123260767,1.243038701070004,2.6498363
207,/home/jiahe.wang/workspace/urgent26/local/listening_test/data/C0/S01_P01_8_output.wav,4.73,16000,1,2.4859834,3.5896807,2.4652708,2.400888038978124,3.305610900477452,2.7707321449000704,2.7371154
208,/home/jiahe.wang/workspace/urgent26/local/listening_test/data/C0/S01_P04_46_output.wav,4.46,16000,8,2.1280224,3.2688391,1.9739398,2.113064734378287,3.0972706820053046,2.2666412471031108,2.741488
209,/home/jiahe.wang/workspace/urgent26/local/listening_test/data/C0/S01_P01_1_output.wav,4.99,16000,1,1.0705091,1.1567128,1.0869797,1.1625995089911443,1.305050302570749,1.1975035171778516,2.6350203
210,/home/jiahe.wang/workspace/urgent26/local/listening_test/data/C0/S01_P04_51_output.wav,4.29,16000,8,0.99535793,1.0502965,1.049914,1.0892722494112796,1.1948511175825025,1.1482793845976864,2.3081343
211,/home/jiahe.wang/workspace/urgent26/local/listening_test/data/C0/S01_P01_17_output.wav,4.99,16000,1,0.9635631,1.003447,1.0214599,1.0580241249750262,1.1457390365027582,1.1102613189925314,2.5467217
212,/home/jiahe.wang/workspace/urgent26/local/listening_test/data/C0/S01_P04_26_output.wav,4.42,16000,8,2.4378266,3.4834735,2.4184625,2.3630014697694137,3.2386396416408774,2.725148033815672,2.496713
213,/home/jiahe.wang/workspace/urgent26/local/listening_test/data/C0/S01_P01_12_output.wav,4.84,16000,1,1.0139046,0.9516945,1.0848254,1.1074425313800995,1.0910541242815153,1.1946528895270245,2.7082286
214,/home/jiahe.wang/workspace/urgent26/local/listening_test/data/C0/S01_P04_21_output.wav,4.49,16000,8,1.2669258,1.7004136,1.3674514,1.3501587603774519,1.835909909822257,1.5571064360909366,3.114441
215,/home/jiahe.wang/workspace/urgent26/local/listening_test/data/C0/S01_P01_14_output.wav,4.99,16000,1,0.93597364,1.069628,1.2140374,1.0307950951658686,1.2150144466731398,1.3634640607086888,2.3948092
216,/home/jiahe.wang/workspace/urgent26/local/listening_test/data/C0/S01_P04_24_output.wav,4.15,16000,7,1.1557677,1.2620628,1.4041513,1.2440294140367543,1.4104299126915418,1.5989517867340193,2.99943
217,/home/jiahe.wang/workspace/urgent26/local/listening_test/data/C0/S01_P01_11_output.wav,4.84,16000,1,0.99867,1.0612456,1.0704896,1.0925234777262165,1.2062807480255284,1.1756527543355688,2.7744653
218,/home/jiahe.wang/workspace/urgent26/local/listening_test/data/C0/S01_P01_15_output.wav,4.99,16000,1,1.6741273,2.3392532,1.7211292,1.7238164951890522,2.401588752504998,1.983477571111224,2.566461
219,/home/jiahe.wang/workspace/urgent26/local/listening_test/data/C0/S01_P01_13_output.wav,4.99,16000,1,1.6645833,2.1801982,1.7614683,1.7153265397081516,2.267771231250625,2.0298919728084615,2.1885672
220,/home/jiahe.wang/workspace/urgent26/local/listening_test/data/C0/S01_P01_10_output.wav,4.99,16000,1,1.0344874,1.1228992,1.0561645,1.1275491370639568,1.2702421076861337,1.1566126213237942,2.559159
221,/home/jiahe.wang/workspace/urgent26/local/listening_test/data/C0/S01_P04_27_output.wav,4.11,16000,7,1.9931828,2.7428758,2.083133,2.0001064619154607,2.720497762274576,2.383864647476932,2.56136
222,/home/jiahe.wang/workspace/urgent26/local/listening_test/data/C0/S01_P04_31_output.wav,4.42,16000,8,1.497875,2.0109675,1.6360445,1.563801437214433,2.1167521121469313,1.8823581073427231,2.5923724
223,/home/jiahe.wang/workspace/urgent26/local/listening_test/data/C0/S01_P01_0_output.wav,4.73,16000,1,1.301811,1.687415,1.6225543,1.3834805197856745,1.8262053163429448,1.8682537839564153,2.4871483
224,/home/jiahe.wang/workspace/urgent26/local/listening_test/data/C0/S01_P04_33_output.wav,4.33,16000,8,1.0676229,1.1608864,1.0961981,1.1597897319725345,1.309322793624613,1.2096756175354295,2.8114536
225,/home/jiahe.wang/workspace/urgent26/local/listening_test/data/C0/S01_P03_6_output.wav,4.22,16000,7,0.9896668,1.0407974,1.0337284,1.0836883570791291,1.184924648829837,1.1266815195745619,2.6129994
226,/home/jiahe.wang/workspace/urgent26/local/listening_test/data/C0/S01_P03_5_output.wav,4.38,16000,8,1.0172273,1.038236,1.0266806,1.1106903285379095,1.1822401958250512,1.1172489312508986,2.217875
227,/home/jiahe.wang/workspace/urgent26/local/listening_test/data/C0/S01_P03_13_output.wav,4.08,16000,7,0.99668974,1.0596887,1.0691599,1.0905787659818567,1.2046558813038943,1.1738648815267856,2.539257
228,/home/jiahe.wang/workspace/urgent26/local/listening_test/data/C0/S01_P02_13_output.wav,4.0,16000,7,0.9938961,1.0518394,1.0361375,1.0878390894285523,1.1964498885348216,1.12989363651767,2.3179626
229,/home/jiahe.wang/workspace/urgent26/local/listening_test/data/C0/S01_P02_2_output.wav,4.0,16000,7,0.99704057,1.0981295,1.0339712,1.0909177555699905,1.2445935784219861,1.1269928967817462,2.5154815
230,/home/jiahe.wang/workspace/urgent26/local/listening_test/data/C0/S01_P02_1_output.wav,4.0,16000,7,0.99034774,1.072817,1.0474448,1.0843590226828388,1.2183303646664405,1.1449773188046457,2.3836238
231,/home/jiahe.wang/workspace/urgent26/local/listening_test/data/C0/S01_P02_6_output.wav,4.28,16000,8,1.0063516,1.025422,1.040274,1.1000495010901359,1.1688228799057439,1.135426250658404,2.4116802
232,/home/jiahe.wang/workspace/urgent26/local/listening_test/data/C0/S01_P02_15_output.wav,4.17,16000,7,1.0140843,1.0525496,1.0572798,1.1076163644009944,1.1972050040452764,1.158071824579427,2.4265597
233,/home/jiahe.wang/workspace/urgent26/local/listening_test/data/C0/S01_P03_11_output.wav,4.35,16000,8,1.0121557,1.03188,1.0175183,1.1057304597855635,1.1755913115059202,1.1049713641377759,2.2228782
234,/home/jiahe.wang/workspace/urgent26/local/listening_test/data/C0/S01_P02_0_output.wav,4.16,16000,7,1.0493975,1.1768417,1.0889411,1.1420433761265598,1.3253801000675598,1.199945677916336,2.295985
235,/home/jiahe.wang/workspace/urgent26/local/listening_test/data/C0/S01_P01_9_output.wav,4.0,16000,7,0.985933,1.0355661,1.0629448,1.080022475542926,1.1794506413490127,1.1656292487617392,2.3540173
236,/home/jiahe.wang/workspace/urgent26/local/listening_test/data/C0/S01_P02_10_output.wav,4.0,16000,7,0.9629161,1.0086492,1.0517128,1.0573795809877848,1.151206941211623,1.150683708823232,2.3986108
237,/home/jiahe.wang/workspace/urgent26/local/listening_test/data/C0/S01_P01_4_output.wav,4.49,16000,8,1.6127833,2.2725189,2.008818,1.6686469606403551,2.3451359748901983,2.304081510510272,2.365142
238,/home/jiahe.wang/workspace/urgent26/local/listening_test/data/C0/S01_P01_18_output.wav,4.0,16000,7,1.0277624,1.0703945,1.0345175,1.120985086273955,1.2158122786792585,1.12771498236996,2.603064
239,/home/jiahe.wang/workspace/urgent26/local/listening_test/data/C0/S01_P01_19_output.wav,4.0,16000,7,1.0076104,1.0587367,1.0475323,1.1012799795302526,1.2036622083353035,1.1451128060499556,2.2954643
240,/home/jiahe.wang/workspace/urgent26/local/listening_test/data/C0/S01_P01_16_output.wav,4.41,16000,8,0.96467793,0.99289906,1.0284487,1.0590890402470303,1.1346006337932528,1.1195898528828263,2.682822
